{
  "px": [
    255.88888888888897,
    255.8888888888889,
    511.77777777777777
  ],
  "py": [
    143.8888888888889,
    143.88888888888886,
    287.7777777777777
  ]
}